{
	"folders": {},
	"connections": {
		"hsqldb_server-178c06b0a04-138397f5083acecc": {
			"provider": "generic",
			"driver": "hsqldb_server",
			"name": "java-profi",
			"save-password": true,
			"read-only": false,
			"configuration": {
				"host": "localhost",
				"port": "9001",
				"database": "java-profi",
				"url": "jdbc:hsqldb:hsql://localhost:9001/java-profi",
				"type": "dev",
				"auth-model": "native",
				"handlers": {}
			}
		}
	},
	"connection-types": {
		"dev": {
			"name": "Development",
			"color": "255,255,255",
			"description": "Regular development database",
			"auto-commit": true,
			"confirm-execute": false,
			"confirm-data-change": false,
			"auto-close-transactions": false
		}
	}
}