<?xml version="1.1" encoding="UTF-8" standalone="no"?>
<databaseChangeLog
  xmlns="http://www.liquibase.org/xml/ns/dbchangelog"
  xmlns:xsi="http://www.w3.org/2001/XMLSchema-instance"
  xsi:schemaLocation="http://www.liquibase.org/xml/ns/dbchangelog
                      http://www.liquibase.org/xml/ns/dbchangelog/dbchangelog-3.9.xsd">

    <changeSet author="tim (generated)" id="1571293572660-1">
        <createTable tableName="TAB1">
            <column name="ID" type="NUMBER">
                <constraints primaryKey="true" primaryKeyName="TAB1_PK"/>
            </column>
            <column name="DESCRIPTION" type="VARCHAR2(50 BYTE)"/>
        </createTable>
    </changeSet>
    <changeSet author="tim (generated)" id="1571293572660-2">
        <createSequence maxValue="9999999999999999999999999999" sequenceName="TAB1_SEQ" startValue="21"/>
    </changeSet>
</databaseChangeLog>